Meyer Ltd|37|4|Books|129|meyer-ltd-37|books-4
Miller, Soto and Clark|31|4|Books|111|miller-soto-and-clark-31|books-4
Thomas and Sons|35|4|Books|123|thomas-and-sons-35|books-4
Stewart-Cruz|87|3|Groceries|265|stewart-cruz-87|groceries-3
Miller PLC|64|1|Apparel|189|miller-plc-64|apparel-1
Matthews-Brooks|68|1|Apparel|213|matthews-brooks-68|apparel-1
Schmidt PLC|33|4|Books|117|schmidt-plc-33|books-4
Conrad LLC|7|1|Apparel|37|conrad-llc-7|apparel-1
Thomas, Castro and Nguyen|6|1|Apparel|31|thomas-castro-and-nguyen-6|apparel-1
Meyer-Edwards|80|2|Accessories|240|meyer-edwards-80|accessories-2
Miranda, Davis and Lamb|2|1|Apparel|7|miranda-davis-and-lamb-2|apparel-1
Jones Inc|16|2|Accessories|66|jones-inc-16|accessories-2
Cohen, Mcfarland and Hill|96|4|Books|296|cohen-mcfarland-and-hill-96|books-4
Turner, Mckinney and Wu|20|2|Accessories|70|turner-mckinney-and-wu-20|accessories-2
Sanford, Payne and Dunn|10|1|Apparel|55|sanford-payne-and-dunn-10|apparel-1
Watkins, Harrison and Holland|39|4|Books|135|watkins-harrison-and-holland-39|books-4
Miller and Sons|9|1|Apparel|49|miller-and-sons-9|apparel-1
Hampton-Dennis|15|2|Accessories|65|hampton-dennis-15|accessories-2
Rojas PLC|63|1|Apparel|183|rojas-plc-63|apparel-1
Murphy PLC|77|2|Accessories|237|murphy-plc-77|accessories-2
Wright Ltd|89|3|Groceries|273|wright-ltd-89|groceries-3
Brown Ltd|73|2|Accessories|233|brown-ltd-73|accessories-2
Gibbs, Harris and Goodman|66|1|Apparel|201|gibbs-harris-and-goodman-66|apparel-1
Ponce LLC|24|3|Groceries|83|ponce-llc-24|groceries-3
Duke Inc|13|2|Accessories|63|duke-inc-13|accessories-2
Harrison Group|69|1|Apparel|219|harrison-group-69|apparel-1
Horton, Turner and Leach|65|1|Apparel|195|horton-turner-and-leach-65|apparel-1
Sanchez Inc|81|3|Groceries|241|sanchez-inc-81|groceries-3
Nichols and Sons|85|3|Groceries|257|nichols-and-sons-85|groceries-3
Scott-Burch|38|4|Books|132|scott-burch-38|books-4
Duncan, Brown and Gordon|90|3|Groceries|277|duncan-brown-and-gordon-90|groceries-3
Santiago, Ingram and Tapia|29|3|Groceries|103|santiago-ingram-and-tapia-29|groceries-3
Lamb-Reyes|75|2|Accessories|235|lamb-reyes-75|accessories-2
Bentley-Hines|100|4|Books|308|bentley-hines-100|books-4
Carroll, Hernandez and Copeland|98|4|Books|302|carroll-hernandez-and-copeland-98|books-4
Mercer, Palmer and Reese|84|3|Groceries|253|mercer-palmer-and-reese-84|groceries-3
Morris, Singh and Blair|88|3|Groceries|269|morris-singh-and-blair-88|groceries-3
Durham Group|61|1|Apparel|171|durham-group-61|apparel-1
Reese-Charles|67|1|Apparel|207|reese-charles-67|apparel-1
Lynch, Williams and Holloway|32|4|Books|114|lynch-williams-and-holloway-32|books-4
Ellison, Jones and Turner|3|1|Apparel|13|ellison-jones-and-turner-3|apparel-1
Thomas, Phelps and Thompson|34|4|Books|120|thomas-phelps-and-thompson-34|books-4
Hart-Long|92|4|Books|284|hart-long-92|books-4
Smith, Spencer and Goodman|70|1|Apparel|225|smith-spencer-and-goodman-70|apparel-1
Daniels-Smith|40|4|Books|138|daniels-smith-40|books-4
Ruiz, Thomas and Rivera|95|4|Books|293|ruiz-thomas-and-rivera-95|books-4
Phillips, Tate and Smith|5|1|Apparel|25|phillips-tate-and-smith-5|apparel-1
Martinez, Poole and Prince|11|2|Accessories|61|martinez-poole-and-prince-11|accessories-2
Dixon Group|36|4|Books|126|dixon-group-36|books-4
Osborne-Dyer|94|4|Books|290|osborne-dyer-94|books-4
Wang-Green|99|4|Books|305|wang-green-99|books-4
Hampton-Perez|19|2|Accessories|69|hampton-perez-19|accessories-2
Hall-Lewis|76|2|Accessories|236|hall-lewis-76|accessories-2
Little LLC|1|1|Apparel|1|little-llc-1|apparel-1
Cross Ltd|23|3|Groceries|79|cross-ltd-23|groceries-3
Davis, Murphy and Fletcher|14|2|Accessories|64|davis-murphy-and-fletcher-14|accessories-2
Wise, Salinas and Smith|28|3|Groceries|99|wise-salinas-and-smith-28|groceries-3
Perez, Parker and Mcdonald|83|3|Groceries|249|perez-parker-and-mcdonald-83|groceries-3
Fisher, Henry and Schaefer|17|2|Accessories|67|fisher-henry-and-schaefer-17|accessories-2
Lewis-Wilkinson|30|3|Groceries|107|lewis-wilkinson-30|groceries-3
Meza Ltd|4|1|Apparel|19|meza-ltd-4|apparel-1
Stewart Group|97|4|Books|299|stewart-group-97|books-4
Weaver PLC|93|4|Books|287|weaver-plc-93|books-4
Dodson and Sons|22|3|Groceries|75|dodson-and-sons-22|groceries-3
Coleman-Lopez|86|3|Groceries|261|coleman-lopez-86|groceries-3
Barr LLC|12|2|Accessories|62|barr-llc-12|accessories-2
Huff Group|25|3|Groceries|87|huff-group-25|groceries-3
Ramirez Group|79|2|Accessories|239|ramirez-group-79|accessories-2
Martinez-Huber|82|3|Groceries|245|martinez-huber-82|groceries-3
Lewis-Smith|62|1|Apparel|177|lewis-smith-62|apparel-1
Franklin, Anderson and West|18|2|Accessories|68|franklin-anderson-and-west-18|accessories-2
Hart-Simmons|78|2|Accessories|238|hart-simmons-78|accessories-2
Mejia, Kane and Clark|26|3|Groceries|91|mejia-kane-and-clark-26|groceries-3
Jones-Fitzpatrick|91|4|Books|281|jones-fitzpatrick-91|books-4
Butler-Murray|21|3|Groceries|71|butler-murray-21|groceries-3
Nguyen, Castillo and Cox|71|2|Accessories|231|nguyen-castillo-and-cox-71|accessories-2
Carter Group|72|2|Accessories|232|carter-group-72|accessories-2
Rodriguez LLC|8|1|Apparel|43|rodriguez-llc-8|apparel-1
Crawford and Sons|27|3|Groceries|95|crawford-and-sons-27|groceries-3
Johnson, Hancock and Acosta|74|2|Accessories|234|johnson-hancock-and-acosta-74|accessories-2
